{
  "project_info": {
    "project_number": "282657754308",
    "firebase_url": "https://hangman-e8bfd.firebaseio.com",
    "project_id": "hangman-e8bfd",
    "storage_bucket": "hangman-e8bfd.appspot.com"
  },
  "client": [
    {
      "client_info": {
        "mobilesdk_app_id": "1:282657754308:android:ed0f19bcfa9a1921358d91",
        "android_client_info": {
          "package_name": "com.satvik.hangman"
        }
      },
      "oauth_client": [
        {
          "client_id": "282657754308-tlpiakjcahji42sa77nn8h5r9jfqkb77.apps.googleusercontent.com",
          "client_type": 3
        }
      ],
      "api_key": [
        {
          "current_key": "AIzaSyBmigW8-d8VUXqG8yu0dvcnqotxpYJfdC8"
        }
      ],
      "services": {
        "appinvite_service": {
          "other_platform_oauth_client": [
            {
              "client_id": "282657754308-tlpiakjcahji42sa77nn8h5r9jfqkb77.apps.googleusercontent.com",
              "client_type": 3
            }
          ]
        }
      }
    }
  ],
  "configuration_version": "1"
}